path	license	bucket
audio/se/gacha_dial.wav	CC0-1.0	KEEP_OR_MANUAL_REVIEW
audio/se/gacha_dispense.wav	CC0-1.0	KEEP_OR_MANUAL_REVIEW
audio/se/gacha_running.wav	CC0-1.0	KEEP_OR_MANUAL_REVIEW
audio/se/upgrade.wav	CC0-1.0	KEEP_OR_MANUAL_REVIEW
biome-bgm-loop-points.json	AGPL-3.0-only	KEEP_OR_MANUAL_REVIEW
exp-sprites.json	CC0-1.0	KEEP_OR_MANUAL_REVIEW
images/arenas/end_a.json	AGPL-3.0-only	KEEP_OR_MANUAL_REVIEW
images/arenas/end_b.json	AGPL-3.0-only	KEEP_OR_MANUAL_REVIEW
images/arenas/end_b_3.json	AGPL-3.0-only	KEEP_OR_MANUAL_REVIEW
images/arenas/power_plant_b_3.json	AGPL-3.0-only	KEEP_OR_MANUAL_REVIEW
images/categories.json	AGPL-3.0-only	KEEP_OR_MANUAL_REVIEW
images/categories_legacy.json	AGPL-3.0-only	KEEP_OR_MANUAL_REVIEW
images/effects/battle_stats.json	AGPL-3.0-only	KEEP_OR_MANUAL_REVIEW
images/effects/pb_particles.json	AGPL-3.0-only	KEEP_OR_MANUAL_REVIEW
images/effects/shiny.json	AGPL-3.0-only	KEEP_OR_MANUAL_REVIEW
images/effects/shiny_2.json	AGPL-3.0-only	KEEP_OR_MANUAL_REVIEW
images/effects/shiny_3.json	AGPL-3.0-only	KEEP_OR_MANUAL_REVIEW
images/effects/tera_sparkle.json	AGPL-3.0-only	KEEP_OR_MANUAL_REVIEW
images/inputs/dualshock.json	AGPL-3.0-only	KEEP_OR_MANUAL_REVIEW
images/inputs/keyboard.json	AGPL-3.0-only	KEEP_OR_MANUAL_REVIEW
images/inputs/xbox.json	AGPL-3.0-only	KEEP_OR_MANUAL_REVIEW
images/items.json	AGPL-3.0-only	KEEP_OR_MANUAL_REVIEW
images/pb.json	AGPL-3.0-only	KEEP_OR_MANUAL_REVIEW
images/pokemon_icons_0.json	AGPL-3.0-only	KEEP_OR_MANUAL_REVIEW
images/pokemon_icons_1.json	AGPL-3.0-only	KEEP_OR_MANUAL_REVIEW
images/pokemon_icons_1v.json	AGPL-3.0-only	KEEP_OR_MANUAL_REVIEW
images/pokemon_icons_2.json	AGPL-3.0-only	KEEP_OR_MANUAL_REVIEW
images/pokemon_icons_2v.json	AGPL-3.0-only	KEEP_OR_MANUAL_REVIEW
images/pokemon_icons_3.json	AGPL-3.0-only	KEEP_OR_MANUAL_REVIEW
images/pokemon_icons_3v.json	AGPL-3.0-only	KEEP_OR_MANUAL_REVIEW
images/pokemon_icons_4.json	AGPL-3.0-only	KEEP_OR_MANUAL_REVIEW
images/pokemon_icons_4v.json	AGPL-3.0-only	KEEP_OR_MANUAL_REVIEW
images/pokemon_icons_5.json	AGPL-3.0-only	KEEP_OR_MANUAL_REVIEW
images/pokemon_icons_5v.json	AGPL-3.0-only	KEEP_OR_MANUAL_REVIEW
images/pokemon_icons_6.json	AGPL-3.0-only	KEEP_OR_MANUAL_REVIEW
images/pokemon_icons_6v.json	AGPL-3.0-only	KEEP_OR_MANUAL_REVIEW
images/pokemon_icons_7.json	AGPL-3.0-only	KEEP_OR_MANUAL_REVIEW
images/pokemon_icons_7v.json	AGPL-3.0-only	KEEP_OR_MANUAL_REVIEW
images/pokemon_icons_8.json	AGPL-3.0-only	KEEP_OR_MANUAL_REVIEW
images/pokemon_icons_8v.json	AGPL-3.0-only	KEEP_OR_MANUAL_REVIEW
images/pokemon_icons_9.json	AGPL-3.0-only	KEEP_OR_MANUAL_REVIEW
images/pokemon_icons_9v.json	AGPL-3.0-only	KEEP_OR_MANUAL_REVIEW
images/snow.png	AGPL-3.0-only	KEEP_OR_MANUAL_REVIEW
images/statuses.json	AGPL-3.0-only	KEEP_OR_MANUAL_REVIEW
images/statuses_ca.json	AGPL-3.0-only	KEEP_OR_MANUAL_REVIEW
images/statuses_da.json	AGPL-3.0-only	KEEP_OR_MANUAL_REVIEW
images/statuses_de.json	AGPL-3.0-only	KEEP_OR_MANUAL_REVIEW
images/statuses_es-ES.json	AGPL-3.0-only	KEEP_OR_MANUAL_REVIEW
images/statuses_fr.json	AGPL-3.0-only	KEEP_OR_MANUAL_REVIEW
images/statuses_it.json	AGPL-3.0-only	KEEP_OR_MANUAL_REVIEW
images/statuses_ja.json	AGPL-3.0-only	KEEP_OR_MANUAL_REVIEW
images/statuses_ko.json	AGPL-3.0-only	KEEP_OR_MANUAL_REVIEW
images/statuses_pt-BR.json	AGPL-3.0-only	KEEP_OR_MANUAL_REVIEW
images/statuses_ro.json	AGPL-3.0-only	KEEP_OR_MANUAL_REVIEW
images/statuses_ru.json	AGPL-3.0-only	KEEP_OR_MANUAL_REVIEW
images/statuses_tl.json	AGPL-3.0-only	KEEP_OR_MANUAL_REVIEW
images/statuses_tr.json	AGPL-3.0-only	KEEP_OR_MANUAL_REVIEW
images/types.json	AGPL-3.0-only	KEEP_OR_MANUAL_REVIEW
images/types_ca.json	AGPL-3.0-only	KEEP_OR_MANUAL_REVIEW
images/types_da.json	AGPL-3.0-only	KEEP_OR_MANUAL_REVIEW
images/types_de.json	AGPL-3.0-only	KEEP_OR_MANUAL_REVIEW
images/types_es-ES.json	AGPL-3.0-only	KEEP_OR_MANUAL_REVIEW
images/types_fr.json	AGPL-3.0-only	KEEP_OR_MANUAL_REVIEW
images/types_it.json	AGPL-3.0-only	KEEP_OR_MANUAL_REVIEW
images/types_ja.json	AGPL-3.0-only	KEEP_OR_MANUAL_REVIEW
images/types_ko.json	AGPL-3.0-only	KEEP_OR_MANUAL_REVIEW
images/types_pt-BR.json	AGPL-3.0-only	KEEP_OR_MANUAL_REVIEW
images/types_ro.json	AGPL-3.0-only	KEEP_OR_MANUAL_REVIEW
images/types_ru.json	AGPL-3.0-only	KEEP_OR_MANUAL_REVIEW
images/types_tl.json	AGPL-3.0-only	KEEP_OR_MANUAL_REVIEW
images/types_tr.json	AGPL-3.0-only	KEEP_OR_MANUAL_REVIEW
images/ui/bg.json	AGPL-3.0-only	KEEP_OR_MANUAL_REVIEW
images/ui/button_tera.json	AGPL-3.0-only	KEEP_OR_MANUAL_REVIEW
images/ui/github_oauth.png	AGPL-3.0-only	KEEP_OR_MANUAL_REVIEW
images/ui/kakao_oauth.png	AGPL-3.0-only	KEEP_OR_MANUAL_REVIEW
images/ui/legacy/bg.json	AGPL-3.0-only	KEEP_OR_MANUAL_REVIEW
images/ui/legacy/button_tera.json	AGPL-3.0-only	KEEP_OR_MANUAL_REVIEW
images/ui/legacy/namebox.json	AGPL-3.0-only	KEEP_OR_MANUAL_REVIEW
images/ui/legacy/numbers.json	AGPL-3.0-only	KEEP_OR_MANUAL_REVIEW
images/ui/legacy/numbers_red.json	AGPL-3.0-only	KEEP_OR_MANUAL_REVIEW
images/ui/legacy/overlay_hp.json	AGPL-3.0-only	KEEP_OR_MANUAL_REVIEW
images/ui/legacy/overlay_hp_boss.json	AGPL-3.0-only	KEEP_OR_MANUAL_REVIEW
images/ui/legacy/party_cancel.json	AGPL-3.0-only	KEEP_OR_MANUAL_REVIEW
images/ui/legacy/party_discard.json	AGPL-3.0-only	KEEP_OR_MANUAL_REVIEW
images/ui/legacy/party_pb.json	AGPL-3.0-only	KEEP_OR_MANUAL_REVIEW
images/ui/legacy/party_slot.json	AGPL-3.0-only	KEEP_OR_MANUAL_REVIEW
images/ui/legacy/party_slot_hp_overlay.json	AGPL-3.0-only	KEEP_OR_MANUAL_REVIEW
images/ui/legacy/party_slot_main.json	AGPL-3.0-only	KEEP_OR_MANUAL_REVIEW
images/ui/legacy/party_slot_main_short.json	AGPL-3.0-only	KEEP_OR_MANUAL_REVIEW
images/ui/legacy/party_transfer.json	AGPL-3.0-only	KEEP_OR_MANUAL_REVIEW
images/ui/legacy/pb_tray_ball.json	AGPL-3.0-only	KEEP_OR_MANUAL_REVIEW
images/ui/legacy/pbinfo_enemy_type.json	AGPL-3.0-only	KEEP_OR_MANUAL_REVIEW
images/ui/legacy/pbinfo_enemy_type1.json	AGPL-3.0-only	KEEP_OR_MANUAL_REVIEW
images/ui/legacy/pbinfo_enemy_type2.json	AGPL-3.0-only	KEEP_OR_MANUAL_REVIEW
images/ui/legacy/pbinfo_player_type.json	AGPL-3.0-only	KEEP_OR_MANUAL_REVIEW
images/ui/legacy/pbinfo_player_type1.json	AGPL-3.0-only	KEEP_OR_MANUAL_REVIEW
images/ui/legacy/pbinfo_player_type2.json	AGPL-3.0-only	KEEP_OR_MANUAL_REVIEW
images/ui/legacy/pbinfo_stat_numbers.json	AGPL-3.0-only	KEEP_OR_MANUAL_REVIEW
images/ui/legacy/prompt.json	AGPL-3.0-only	KEEP_OR_MANUAL_REVIEW
images/ui/legacy/shiny_icons.json	AGPL-3.0-only	KEEP_OR_MANUAL_REVIEW
images/ui/legacy/summary_moves_cursor.json	AGPL-3.0-only	KEEP_OR_MANUAL_REVIEW
images/ui/legacy/text_images/ca/battle_ui/pbinfo_stat_ca.json	AGPL-3.0-only	KEEP_OR_MANUAL_REVIEW
images/ui/legacy/text_images/da/battle_ui/pbinfo_stat_da.json	AGPL-3.0-only	KEEP_OR_MANUAL_REVIEW
images/ui/legacy/text_images/de/battle_ui/pbinfo_stat_de.json	AGPL-3.0-only	KEEP_OR_MANUAL_REVIEW
images/ui/legacy/text_images/en/battle_ui/pbinfo_stat.json	AGPL-3.0-only	KEEP_OR_MANUAL_REVIEW
images/ui/legacy/text_images/fr/battle_ui/pbinfo_stat_fr.json	AGPL-3.0-only	KEEP_OR_MANUAL_REVIEW
images/ui/legacy/text_images/it/battle_ui/pbinfo_stat_it.json	AGPL-3.0-only	KEEP_OR_MANUAL_REVIEW
images/ui/legacy/text_images/ja/battle_ui/pbinfo_stat_ja.json	AGPL-3.0-only	KEEP_OR_MANUAL_REVIEW
images/ui/legacy/text_images/ko/battle_ui/pbinfo_stat_ko.json	AGPL-3.0-only	KEEP_OR_MANUAL_REVIEW
images/ui/legacy/text_images/pt-BR/battle_ui/pbinfo_stat_pt-BR.json	AGPL-3.0-only	KEEP_OR_MANUAL_REVIEW
images/ui/legacy/text_images/ro/battle_ui/pbinfo_stat_ro.json	AGPL-3.0-only	KEEP_OR_MANUAL_REVIEW
images/ui/legacy/text_images/ru/battle_ui/pbinfo_stat_ru.json	AGPL-3.0-only	KEEP_OR_MANUAL_REVIEW
images/ui/legacy/text_images/tl/battle_ui/pbinfo_stat_tl.json	AGPL-3.0-only	KEEP_OR_MANUAL_REVIEW
images/ui/legacy/text_images/tr/battle_ui/pbinfo_stat_tr.json	AGPL-3.0-only	KEEP_OR_MANUAL_REVIEW
images/ui/legacy/type_bgs.json	AGPL-3.0-only	KEEP_OR_MANUAL_REVIEW
images/ui/line_oauth.png	AGPL-3.0-only	KEEP_OR_MANUAL_REVIEW
images/ui/namebox.json	AGPL-3.0-only	KEEP_OR_MANUAL_REVIEW
images/ui/numbers.json	AGPL-3.0-only	KEEP_OR_MANUAL_REVIEW
images/ui/numbers_red.json	AGPL-3.0-only	KEEP_OR_MANUAL_REVIEW
images/ui/overlay_hp.json	AGPL-3.0-only	KEEP_OR_MANUAL_REVIEW
images/ui/overlay_hp_boss.json	AGPL-3.0-only	KEEP_OR_MANUAL_REVIEW
images/ui/party_cancel.json	AGPL-3.0-only	KEEP_OR_MANUAL_REVIEW
images/ui/party_discard.json	AGPL-3.0-only	KEEP_OR_MANUAL_REVIEW
images/ui/party_pb.json	AGPL-3.0-only	KEEP_OR_MANUAL_REVIEW
images/ui/party_slot.json	AGPL-3.0-only	KEEP_OR_MANUAL_REVIEW
images/ui/party_slot_hp_overlay.json	AGPL-3.0-only	KEEP_OR_MANUAL_REVIEW
images/ui/party_slot_main.json	AGPL-3.0-only	KEEP_OR_MANUAL_REVIEW
images/ui/party_slot_main_short.json	AGPL-3.0-only	KEEP_OR_MANUAL_REVIEW
images/ui/party_transfer.json	AGPL-3.0-only	KEEP_OR_MANUAL_REVIEW
images/ui/pb_tray_ball.json	AGPL-3.0-only	KEEP_OR_MANUAL_REVIEW
images/ui/pbinfo_enemy_type.json	AGPL-3.0-only	KEEP_OR_MANUAL_REVIEW
images/ui/pbinfo_enemy_type1.json	AGPL-3.0-only	KEEP_OR_MANUAL_REVIEW
images/ui/pbinfo_enemy_type2.json	AGPL-3.0-only	KEEP_OR_MANUAL_REVIEW
images/ui/pbinfo_player_type.json	AGPL-3.0-only	KEEP_OR_MANUAL_REVIEW
images/ui/pbinfo_player_type1.json	AGPL-3.0-only	KEEP_OR_MANUAL_REVIEW
images/ui/pbinfo_player_type2.json	AGPL-3.0-only	KEEP_OR_MANUAL_REVIEW
images/ui/pbinfo_stat_numbers.json	AGPL-3.0-only	KEEP_OR_MANUAL_REVIEW
images/ui/prompt.json	AGPL-3.0-only	KEEP_OR_MANUAL_REVIEW
images/ui/shiny_icons.json	AGPL-3.0-only	KEEP_OR_MANUAL_REVIEW
images/ui/steam_oauth.png	AGPL-3.0-only	KEEP_OR_MANUAL_REVIEW
images/ui/summary_moves_cursor.json	AGPL-3.0-only	KEEP_OR_MANUAL_REVIEW
images/ui/text_images/ca/battle_ui/pbinfo_stat_ca.json	AGPL-3.0-only	KEEP_OR_MANUAL_REVIEW
images/ui/text_images/da/battle_ui/pbinfo_stat_da.json	AGPL-3.0-only	KEEP_OR_MANUAL_REVIEW
images/ui/text_images/de/battle_ui/pbinfo_stat_de.json	AGPL-3.0-only	KEEP_OR_MANUAL_REVIEW
images/ui/text_images/en/battle_ui/pbinfo_stat.json	AGPL-3.0-only	KEEP_OR_MANUAL_REVIEW
images/ui/text_images/es-ES/battle_ui/pbinfo_stat_es-ES.json	AGPL-3.0-only	KEEP_OR_MANUAL_REVIEW
images/ui/text_images/fr/battle_ui/pbinfo_stat_fr.json	AGPL-3.0-only	KEEP_OR_MANUAL_REVIEW
images/ui/text_images/it/battle_ui/pbinfo_stat_it.json	AGPL-3.0-only	KEEP_OR_MANUAL_REVIEW
images/ui/text_images/ja/battle_ui/pbinfo_stat_ja.json	AGPL-3.0-only	KEEP_OR_MANUAL_REVIEW
images/ui/text_images/ko/battle_ui/pbinfo_stat_ko.json	AGPL-3.0-only	KEEP_OR_MANUAL_REVIEW
images/ui/text_images/pt-BR/battle_ui/pbinfo_stat_pt-BR.json	AGPL-3.0-only	KEEP_OR_MANUAL_REVIEW
images/ui/text_images/ro/battle_ui/pbinfo_stat_ro.json	AGPL-3.0-only	KEEP_OR_MANUAL_REVIEW
images/ui/text_images/ru/battle_ui/pbinfo_stat_ru.json	AGPL-3.0-only	KEEP_OR_MANUAL_REVIEW
images/ui/text_images/tl/battle_ui/pbinfo_stat_tl.json	AGPL-3.0-only	KEEP_OR_MANUAL_REVIEW
images/ui/text_images/tr/battle_ui/pbinfo_stat_tr.json	AGPL-3.0-only	KEEP_OR_MANUAL_REVIEW
images/ui/type_bgs.json	AGPL-3.0-only	KEEP_OR_MANUAL_REVIEW
images/ui/windows/trim.ps1	AGPL-3.0-only	KEEP_OR_MANUAL_REVIEW
manifest.webmanifest	AGPL-3.0-only	KEEP_OR_MANUAL_REVIEW
service-worker.js	AGPL-3.0-only	KEEP_OR_MANUAL_REVIEW
starter-colors.json	AGPL-3.0-only	KEEP_OR_MANUAL_REVIEW
